{"_wandb":{"runtime":6173},"_runtime":6173,"_step":9,"tick":13866,"active_pairs":106,"_timestamp":1.7710781564822578e+09,"norm_score":0.5795055357868013}